[{"model": "category.category", "pk": 1, "fields": {"category_name": "Jackets", "slug": "jackets", "description": "Here you will get varieties of jackets from cheap to premium.", "cat_image": "photos/categories/jackets.jpg"}}, {"model": "category.category", "pk": 2, "fields": {"category_name": "Jeans", "slug": "jeans", "description": "Varieties of jeans.", "cat_image": "photos/categories/jeans.jpg"}}, {"model": "category.category", "pk": 3, "fields": {"category_name": "Shirts", "slug": "shirts", "description": "Shirts and T-shirts", "cat_image": "photos/categories/shirts.jpg"}}, {"model": "category.category", "pk": 4, "fields": {"category_name": "Shoes", "slug": "shoes", "description": "Varieties of shoes", "cat_image": "photos/categories/shoes.png"}}, {"model": "category.category", "pk": 5, "fields": {"category_name": "T Shirts", "slug": "t-shirts", "description": "Varieties of T-shirts", "cat_image": "photos/categories/tshirts.jpg"}}, {"model": "accounts.account", "fields": {"password": "pbkdf2_sha256$216000$UTx95P4MyxON$IBH8R9U5OBDrCDcXhjEqVdOSG8HG8bltQuwVxBtDgGA=", "first_name": "aa", "last_name": "bb", "username": "ab", "email": "abcde12@gmail.com", "phone_number": null, "date_joined": "2026-05-16T09:06:46.451Z", "last_login": "2026-05-22T04:12:02.119Z", "is_admin": true, "is_staff": true, "is_active": true, "is_superadmin": true}}, {"model": "accounts.account", "fields": {"password": "pbkdf2_sha256$216000$qTFFKuZF3BTo$T1MTqv1+NNl+I26Xl95iUeQlDgsLy1bZcjNAaojBeDw=", "first_name": "Harsh", "last_name": "Mishra", "username": "23eg106d54", "email": "23eg106d54@anurag.edu.in", "phone_number": "7905099747", "date_joined": "2026-05-17T13:06:40.271Z", "last_login": "2026-05-22T04:52:45.471Z", "is_admin": false, "is_staff": false, "is_active": true, "is_superadmin": false}}, {"model": "accounts.profile", "pk": 1, "fields": {"user": ["23eg106d54@anurag.edu.in"], "profile_image": "", "phone_number": "7905099747", "company": "E comm", "website": "http://127.0.0.1:8000/accounts/profile/edit/", "about": "It is an project", "gender": "M", "dob": "2006-02-26", "address_line_1": "Indrapuri Colony", "address_line_2": "Near Vaidik Garden", "city": "Lucknow", "state": "UP", "country": "India", "postcode": "226013", "created_at": "2026-05-20T15:25:22.556Z", "updated_at": "2026-05-22T03:46:23.781Z"}}, {"model": "accounts.profile", "pk": 2, "fields": {"user": ["abcde12@gmail.com"], "profile_image": "profiles/download2_6dN3Yb4.jpg", "phone_number": null, "company": "", "website": "", "about": "", "gender": "F", "dob": null, "address_line_1": "", "address_line_2": "", "city": "", "state": "", "country": "", "postcode": "", "created_at": "2026-05-21T07:21:21.387Z", "updated_at": "2026-05-21T18:44:51.738Z"}}, {"model": "store.product", "pk": 1, "fields": {"product_name": "ATX-Jeans", "slug": "atx-jeans", "description": "Phenomenal. Jeans is awesome, liked it a lot. It looks so good on my brother. The best thing about GreatKart is their products looks as it is in the image.", "price": 299, "images": "photos/product/ATX-Jeans.jpg", "stock": 50, "is_available": true, "category": 2, "created_date": "2025-06-22T08:25:49.272Z", "modified_date": "2025-06-22T08:25:49.272Z"}}, {"model": "store.product", "pk": 2, "fields": {"product_name": "Blue Shirt", "slug": "blue-shirt", "description": "Introducing the Vebnor Men Solid Casual Light Green Shirt, an excellent addition to your wardrobe. Crafted from premium quality materials, this shirt ensures comfort and durability, making it suitable", "price": 199, "images": "photos/product/Blue-Shirt.jpg", "stock": 20, "is_available": true, "category": 3, "created_date": "2025-06-22T08:27:39.747Z", "modified_date": "2025-06-22T08:27:39.747Z"}}, {"model": "store.product", "pk": 3, "fields": {"product_name": "Great Tshirt", "slug": "great-tshirt", "description": "This Max men's t-shirt is a classic choice for any wardrobe. Made from a comfortable poly cotton blend, this short-sleeved tee features a stylish round neck and a solid olive green color.", "price": 199, "images": "photos/product/Great-Tshirt.jpg", "stock": 50, "is_available": true, "category": 5, "created_date": "2025-06-22T08:28:59.121Z", "modified_date": "2025-06-22T08:28:59.121Z"}}, {"model": "store.product", "pk": 4, "fields": {"product_name": "Denim Jeans", "slug": "denim-jeans", "description": "Step up your denim game with these dark-blue solid jeans. Perfectly blending style and comfort, the mid-rise waist ensures a flattering fit for all body types.", "price": 599, "images": "photos/product/image1.jpg", "stock": 100, "is_available": true, "category": 2, "created_date": "2025-06-22T08:30:57.853Z", "modified_date": "2025-06-22T08:30:57.853Z"}}, {"model": "store.product", "pk": 5, "fields": {"product_name": "Urbano Fashion Men's Slim Fit Stretchable Denim Je", "slug": "urbano-fashion-mens-slim-fit-stretchable-denim-je", "description": "Urbano Fashion\tFabric:Denim\tColor:Blue\tFit:Slim\tStretch:Stretchable\tFly Opening:Zipper\tWash Type:Regular wash\tWash Care:Machine Wash\tSeason:Winter\tNumber of Pocket:Multiple Pockets", "price": 499, "images": "photos/product/image2.jpg", "stock": 549, "is_available": true, "category": 2, "created_date": "2025-06-22T08:34:27.329Z", "modified_date": "2025-06-22T08:34:27.329Z"}}, {"model": "store.product", "pk": 6, "fields": {"product_name": "DNMX Men's Slim Fit Jeans", "slug": "dnmx-mens-slim-fit-jeans", "description": "Splatter your casual wardrobe with a splash of style with clothing from DNMX. This trendy brand offers absolute fashion along with unbeatable comfort for the style happy.", "price": 699, "images": "photos/product/image13.jpg", "stock": 30, "is_available": true, "category": 2, "created_date": "2025-06-22T08:36:22.162Z", "modified_date": "2025-06-22T08:36:22.162Z"}}, {"model": "store.product", "pk": 7, "fields": {"product_name": "Jordan Basketball Shoes", "slug": "jordan-basketball-shoes", "description": "Model\r\n342964-104\r\nRelease Date\r\n2016-12-31\r\nSeries\r\nTrue Flight\r\nNickname\r\nWhite Cement\r\nSole Material\r\nRubber Sole\r\nToe Type\r\nRound Toe\r\nStyle\r\nSports\r\nOccasion", "price": 999, "images": "photos/product/jordan-true-flight-basketball-shoes.jpg", "stock": 90, "is_available": true, "category": 4, "created_date": "2025-06-22T08:40:24.286Z", "modified_date": "2025-06-22T08:40:24.286Z"}}, {"model": "store.product", "pk": 8, "fields": {"product_name": "Mavi Jeans", "slug": "mavi-jeans", "description": "Ultra smooth and comfortable jeans which is 100% cotton with heat resistance, tear proof and many more.", "price": 599, "images": "photos/product/Mavi_jeans.jpg", "stock": 50, "is_available": true, "category": 2, "created_date": "2025-06-22T08:42:19.815Z", "modified_date": "2025-06-22T08:42:19.815Z"}}, {"model": "store.product", "pk": 9, "fields": {"product_name": "Puma Ferrari Shoes", "slug": "puma-ferrari-shoes", "description": "Highlight your style quotient with this pair of black casual sneakers from Puma. Made of superior quality synthetic upper, these cool casual sneakers feature a lace closure and a round shaped tip.", "price": 2599, "images": "photos/product/Puma-Ferrari-Shoes.jpg", "stock": 100, "is_available": true, "category": 4, "created_date": "2025-06-22T08:43:31.286Z", "modified_date": "2025-06-22T08:43:31.286Z"}}, {"model": "store.product", "pk": 10, "fields": {"product_name": "US Polo Assn Jacket", "slug": "us-polo-assn-jacket", "description": "Put a fresh spin to your jacket collection with this jacket from U.S Polo Assn. Cut from a soft fabric, it has a very trendy design that suits your style and comfort.", "price": 1999, "images": "photos/product/US-Polo-Assn_Jacket.jpg", "stock": 80, "is_available": true, "category": 1, "created_date": "2025-06-22T08:45:01.894Z", "modified_date": "2025-06-22T08:45:01.894Z"}}, {"model": "store.product", "pk": 11, "fields": {"product_name": "Wrangler Shirt", "slug": "wrangler-shirt", "description": "Stay ahead of the crowds when it comes to fashion trends with this delightful blue shirt from the latest collection of Wrangler.", "price": 399, "images": "photos/product/Wrangler-Shirt.jpg", "stock": 50, "is_available": true, "category": 3, "created_date": "2025-06-22T08:46:13.976Z", "modified_date": "2025-06-22T08:46:13.976Z"}}, {"model": "store.variation", "pk": 1, "fields": {"product": 1, "variation_category": "color", "variation_value": "blue", "is_active": true, "created_date": "2025-09-29T12:56:25.686Z"}}, {"model": "store.variation", "pk": 2, "fields": {"product": 1, "variation_category": "color", "variation_value": "green", "is_active": true, "created_date": "2025-09-29T12:56:40.526Z"}}, {"model": "store.variation", "pk": 3, "fields": {"product": 1, "variation_category": "color", "variation_value": "brown", "is_active": true, "created_date": "2025-09-29T12:56:54.036Z"}}, {"model": "store.variation", "pk": 4, "fields": {"product": 1, "variation_category": "size", "variation_value": "medium", "is_active": true, "created_date": "2025-09-29T12:57:10.652Z"}}, {"model": "store.variation", "pk": 5, "fields": {"product": 2, "variation_category": "color", "variation_value": "violet", "is_active": true, "created_date": "2026-01-14T11:24:51.471Z"}}, {"model": "store.variation", "pk": 6, "fields": {"product": 3, "variation_category": "color", "variation_value": "violet", "is_active": true, "created_date": "2026-01-14T11:25:06.792Z"}}, {"model": "store.variation", "pk": 7, "fields": {"product": 2, "variation_category": "color", "variation_value": "orange", "is_active": true, "created_date": "2026-01-14T11:25:19.403Z"}}, {"model": "store.variation", "pk": 8, "fields": {"product": 1, "variation_category": "size", "variation_value": "large", "is_active": true, "created_date": "2026-01-14T11:25:45.459Z"}}, {"model": "store.variation", "pk": 9, "fields": {"product": 1, "variation_category": "size", "variation_value": "Extra Large", "is_active": true, "created_date": "2026-01-14T11:25:56.446Z"}}, {"model": "store.review", "pk": 1, "fields": {"product": 1, "user": ["abcde12@gmail.com"], "rating": 5, "comment": "good product", "created_at": "2026-05-20T12:17:45.071Z", "updated_at": "2026-05-20T12:17:45.071Z"}}, {"model": "store.review", "pk": 2, "fields": {"product": 1, "user": ["23eg106d54@anurag.edu.in"], "rating": 3, "comment": "asnvs", "created_at": "2026-05-20T16:28:39.510Z", "updated_at": "2026-05-20T16:28:39.510Z"}}, {"model": "carts.cart", "pk": 1, "fields": {"cart_id": "r3eosnp3s8xv0zfx5suflob69lmevznl", "date_added": "2025-09-26"}}, {"model": "carts.cart", "pk": 2, "fields": {"cart_id": "ztb04ug3szz15hq8a5ua7osmc8id2c68", "date_added": "2025-12-25"}}, {"model": "carts.cart", "pk": 3, "fields": {"cart_id": "comopv6es77ekq4uo21nfkjzzsz1ijbs", "date_added": "2026-01-14"}}, {"model": "carts.cart", "pk": 4, "fields": {"cart_id": "euvooiraxgfe6u16jpyzdn9ev05h11ay", "date_added": "2026-01-14"}}, {"model": "carts.cart", "pk": 5, "fields": {"cart_id": "x9duqn26gx20bwwl08s389yl4376cqe6", "date_added": "2026-05-11"}}, {"model": "carts.cart", "pk": 6, "fields": {"cart_id": "rsoydpgx6v3k3r8bca0ijsiqbhfqhlq5", "date_added": "2026-05-11"}}, {"model": "carts.cart", "pk": 7, "fields": {"cart_id": "sr33d112olgsqxopb852kr0usqs7ouon", "date_added": "2026-05-16"}}, {"model": "carts.cart", "pk": 8, "fields": {"cart_id": "djb9a3m5rj7kywgaj56vrgwfubutzxal", "date_added": "2026-05-16"}}, {"model": "carts.cart", "pk": 9, "fields": {"cart_id": "kbgu9h1r063azbp37h1m6dyxavomgs13", "date_added": "2026-05-16"}}, {"model": "carts.cart", "pk": 10, "fields": {"cart_id": "pqthcagkr4pvl3mava29cdons8jwhtvw", "date_added": "2026-05-16"}}, {"model": "carts.cart", "pk": 11, "fields": {"cart_id": "6ifonizbq529kjtae2qv0f1vj5kg9g2n", "date_added": "2026-05-17"}}, {"model": "carts.cart", "pk": 12, "fields": {"cart_id": "dm57wl6flqvnqui4vrzjjrut972ked5g", "date_added": "2026-05-17"}}, {"model": "carts.cart", "pk": 13, "fields": {"cart_id": "f4t58ba3z3zvjh610k1x5h5o02xuukej", "date_added": "2026-05-17"}}, {"model": "carts.cart", "pk": 14, "fields": {"cart_id": "391z3vxq6ksaromwg5o7iy8sdoqt7kbp", "date_added": "2026-05-17"}}, {"model": "carts.cart", "pk": 15, "fields": {"cart_id": "hd0v9z2re3ttbqe26nxo4w3eymnvltp0", "date_added": "2026-05-17"}}, {"model": "carts.cart", "pk": 16, "fields": {"cart_id": "r5cq5us8u97che6v7xk5i5f4sqspsvdo", "date_added": "2026-05-17"}}, {"model": "carts.cart", "pk": 17, "fields": {"cart_id": "agp1niaofwncc1k6n8hcjyhc68drirsi", "date_added": "2026-05-17"}}, {"model": "carts.cart", "pk": 18, "fields": {"cart_id": "atqhmrz54d7jovty17f13smg1gcr6f85", "date_added": "2026-05-17"}}, {"model": "carts.cart", "pk": 19, "fields": {"cart_id": "kg3vjk5oee6v3mojrwylc4yoi4uaw49i", "date_added": "2026-05-17"}}, {"model": "carts.cart", "pk": 20, "fields": {"cart_id": "hen5qy8zfiilprryv75ybr7kwpdfkydl", "date_added": "2026-05-17"}}, {"model": "carts.cart", "pk": 21, "fields": {"cart_id": "qx6si9b7mcolg5fnddrsty18flzrdmug", "date_added": "2026-05-18"}}, {"model": "carts.cart", "pk": 22, "fields": {"cart_id": "j5329qc0zvno0eefwmejfvojg4dm2dlr", "date_added": "2026-05-18"}}, {"model": "carts.cart", "pk": 23, "fields": {"cart_id": "6eur2m580tjsvpaxlsio1gnto89v8fxj", "date_added": "2026-05-18"}}, {"model": "carts.cart", "pk": 24, "fields": {"cart_id": "9iwir5k5xy235y30z4d9h2za9cqn6hap", "date_added": "2026-05-20"}}, {"model": "carts.cart", "pk": 25, "fields": {"cart_id": "ngwk3bbzaum40f1vl70i5es0gxis09aq", "date_added": "2026-05-20"}}, {"model": "carts.cart", "pk": 26, "fields": {"cart_id": "rhctu5u7jpnlep3n410y1q0z2sk4k4xh", "date_added": "2026-05-20"}}, {"model": "carts.cart", "pk": 27, "fields": {"cart_id": "f2wsk654lde6w3747hoi7bxx8i98q5mv", "date_added": "2026-05-20"}}, {"model": "carts.cart", "pk": 28, "fields": {"cart_id": "fn4yakpgw9msqbcey3p2xlxlvp29map3", "date_added": "2026-05-20"}}, {"model": "carts.cart", "pk": 29, "fields": {"cart_id": "yffocp7lnvzzqp3r2qb19dfc88n2jxpx", "date_added": "2026-05-20"}}, {"model": "carts.cart", "pk": 30, "fields": {"cart_id": "ar5io0lw7plynofx2crhjgdf8oyidhph", "date_added": "2026-05-22"}}, {"model": "carts.cart", "pk": 31, "fields": {"cart_id": "a56cs22i3rq90v93agqkt5ld03ehagrx", "date_added": "2026-05-22"}}, {"model": "carts.cart", "pk": 32, "fields": {"cart_id": "oge5b4x7xxszc7xjg3bppyew2qil5fsg", "date_added": "2026-05-22"}}, {"model": "carts.cart", "pk": 33, "fields": {"cart_id": "1ogqn01ma5yhsd4lib0p399djz4kto5q", "date_added": "2026-05-22"}}, {"model": "carts.cart", "pk": 34, "fields": {"cart_id": "qoiwmafkiqx9g1rz10mljtvrix5hu0l6", "date_added": "2026-05-22"}}, {"model": "carts.cart", "pk": 35, "fields": {"cart_id": "vdbubghq8ezx8jppad7s5z54uyl5mxym", "date_added": "2026-05-22"}}, {"model": "carts.cart", "pk": 36, "fields": {"cart_id": "7ojvbgf116mnsobm2rnict3vgvev5vbl", "date_added": "2026-05-22"}}, {"model": "carts.cartitem", "pk": 77, "fields": {"user": ["23eg106d54@anurag.edu.in"], "product": 1, "cart": 25, "quantity": 1, "is_active": false, "variations": [1, 4]}}, {"model": "carts.cartitem", "pk": 78, "fields": {"user": ["23eg106d54@anurag.edu.in"], "product": 1, "cart": 26, "quantity": 1, "is_active": true, "variations": [1, 4]}}, {"model": "carts.cartitem", "pk": 79, "fields": {"user": ["23eg106d54@anurag.edu.in"], "product": 1, "cart": 27, "quantity": 1, "is_active": true, "variations": [1, 4]}}, {"model": "carts.cartitem", "pk": 80, "fields": {"user": ["abcde12@gmail.com"], "product": 1, "cart": 28, "quantity": 1, "is_active": true, "variations": [1, 4]}}, {"model": "carts.cartitem", "pk": 81, "fields": {"user": ["23eg106d54@anurag.edu.in"], "product": 1, "cart": 29, "quantity": 2, "is_active": true, "variations": [1, 8]}}, {"model": "carts.cartitem", "pk": 82, "fields": {"user": ["23eg106d54@anurag.edu.in"], "product": 1, "cart": 30, "quantity": 1, "is_active": true, "variations": [1, 8]}}, {"model": "carts.cartitem", "pk": 83, "fields": {"user": ["abcde12@gmail.com"], "product": 1, "cart": 31, "quantity": 2, "is_active": true, "variations": [1, 4]}}, {"model": "carts.cartitem", "pk": 84, "fields": {"user": ["abcde12@gmail.com"], "product": 1, "cart": 32, "quantity": 1, "is_active": true, "variations": [1, 8]}}, {"model": "carts.cartitem", "pk": 85, "fields": {"user": ["abcde12@gmail.com"], "product": 1, "cart": 33, "quantity": 1, "is_active": true, "variations": [1, 4]}}, {"model": "carts.cartitem", "pk": 86, "fields": {"user": ["abcde12@gmail.com"], "product": 1, "cart": 34, "quantity": 2, "is_active": true, "variations": [1, 4]}}, {"model": "carts.cartitem", "pk": 87, "fields": {"user": ["23eg106d54@anurag.edu.in"], "product": 1, "cart": 35, "quantity": 1, "is_active": true, "variations": [1, 8]}}, {"model": "carts.cartitem", "pk": 88, "fields": {"user": ["23eg106d54@anurag.edu.in"], "product": 1, "cart": 36, "quantity": 1, "is_active": true, "variations": [1, 4]}}, {"model": "orders.payment", "pk": 1, "fields": {"user": ["23eg106d54@anurag.edu.in"], "payment_id": "pay_SrX1N0F0OCiVkn", "payment_method": "Razorpay", "amount_paid": "304.98", "status": "Paid", "created_at": "2026-05-20T07:12:37.120Z"}}, {"model": "orders.order", "pk": 18, "fields": {"user": ["23eg106d54@anurag.edu.in"], "payment": null, "order_number": "2026051818", "razorpay_order_id": null, "first_name": "HARSH", "last_name": "MISHRA", "phone_number": "7905099747", "email": "23eg106d54@anurag.edu.in", "address_line_1": "Indrapuri Colony", "address_line_2": "Near Vaidik Garden", "country": "India", "state": "UP", "city": "Lucknow", "order_note": "This is a Test Note", "order_total": 3964.74, "tax": 77.74, "status": "New", "ip": "127.0.0.1", "is_ordered": false, "created_at": "2026-05-18T06:43:37.820Z", "updated_at": "2026-05-18T06:43:37.822Z"}}, {"model": "orders.order", "pk": 19, "fields": {"user": ["23eg106d54@anurag.edu.in"], "payment": null, "order_number": "2026051819", "razorpay_order_id": null, "first_name": "HARSH", "last_name": "MISHRA", "phone_number": "7905099747", "email": "23eg106d54@anurag.edu.in", "address_line_1": "Indrapuri Colony", "address_line_2": "Near Vaidik Garden", "country": "India", "state": "UP", "city": "Lucknow", "order_note": "This is Test Note", "order_total": 5489.64, "tax": 107.64, "status": "New", "ip": "127.0.0.1", "is_ordered": false, "created_at": "2026-05-18T06:46:36.574Z", "updated_at": "2026-05-18T06:46:36.582Z"}}, {"model": "orders.order", "pk": 20, "fields": {"user": ["23eg106d54@anurag.edu.in"], "payment": null, "order_number": "2026051820", "razorpay_order_id": null, "first_name": "HARSH", "last_name": "MISHRA", "phone_number": "7905099747", "email": "23eg106d54@anurag.edu.in", "address_line_1": "Indrapuri Colony", "address_line_2": "Near Vaidik Garden", "country": "India", "state": "UP", "city": "Lucknow", "order_note": "Test Note", "order_total": 5489.64, "tax": 107.64, "status": "New", "ip": "127.0.0.1", "is_ordered": false, "created_at": "2026-05-18T10:17:37.247Z", "updated_at": "2026-05-18T10:17:37.264Z"}}, {"model": "orders.order", "pk": 21, "fields": {"user": ["23eg106d54@anurag.edu.in"], "payment": null, "order_number": "2026051821", "razorpay_order_id": null, "first_name": "HARSH", "last_name": "MISHRA", "phone_number": "7905099747", "email": "23eg106d54@anurag.edu.in", "address_line_1": "Indrapuri Colony", "address_line_2": "Near Vaidik Garden", "country": "India", "state": "UP", "city": "Lucknow", "order_note": "Test Note", "order_total": 1524.9, "tax": 29.9, "status": "New", "ip": "127.0.0.1", "is_ordered": false, "created_at": "2026-05-18T10:18:58.609Z", "updated_at": "2026-05-18T10:18:58.619Z"}}, {"model": "orders.order", "pk": 22, "fields": {"user": ["23eg106d54@anurag.edu.in"], "payment": null, "order_number": "2026051822", "razorpay_order_id": null, "first_name": "HARSH", "last_name": "MISHRA", "phone_number": "7905099747", "email": "23eg106d54@anurag.edu.in", "address_line_1": "Indrapuri Colony", "address_line_2": "Near Vaidik Garden", "country": "India", "state": "UP", "city": "Lucknow", "order_note": "Test NOte", "order_total": 1219.92, "tax": 23.92, "status": "New", "ip": "127.0.0.1", "is_ordered": false, "created_at": "2026-05-18T10:19:52.292Z", "updated_at": "2026-05-18T10:19:52.299Z"}}, {"model": "orders.order", "pk": 23, "fields": {"user": ["23eg106d54@anurag.edu.in"], "payment": null, "order_number": "2026052023", "razorpay_order_id": "order_SrW4wwv8Ongd2x", "first_name": "HARSH", "last_name": "MISHRA", "phone_number": "7905099747", "email": "23eg106d54@anurag.edu.in", "address_line_1": "Indrapuri Colony", "address_line_2": "Near Vaidik Garden", "country": "India", "state": "UP", "city": "Lucknow", "order_note": "Test Note", "order_total": 2744.82, "tax": 53.82, "status": "New", "ip": "127.0.0.1", "is_ordered": false, "created_at": "2026-05-20T06:17:00.858Z", "updated_at": "2026-05-20T06:17:01.951Z"}}, {"model": "orders.order", "pk": 24, "fields": {"user": ["23eg106d54@anurag.edu.in"], "payment": null, "order_number": "2026052024", "razorpay_order_id": "order_SrWJhjEckbMku6", "first_name": "HARSH", "last_name": "MISHRA", "phone_number": "7905099747", "email": "23eg106d54@anurag.edu.in", "address_line_1": "Indrapuri Colony", "address_line_2": "Near Vaidik Garden", "country": "India", "state": "UP", "city": "Lucknow", "order_note": "Test Note", "order_total": 2744.82, "tax": 53.82, "status": "New", "ip": "127.0.0.1", "is_ordered": false, "created_at": "2026-05-20T06:30:58.661Z", "updated_at": "2026-05-20T06:31:00.034Z"}}, {"model": "orders.order", "pk": 25, "fields": {"user": ["23eg106d54@anurag.edu.in"], "payment": null, "order_number": "2026052025", "razorpay_order_id": "order_SrWKP2oIXc9ZgF", "first_name": "HARSH", "last_name": "MISHRA", "phone_number": "7905099747", "email": "23eg106d54@anurag.edu.in", "address_line_1": "Indrapuri Colony", "address_line_2": "Near Vaidik Garden", "country": "India", "state": "UP", "city": "Lucknow", "order_note": "This is a Test Note", "order_total": 1524.9, "tax": 29.9, "status": "New", "ip": "127.0.0.1", "is_ordered": false, "created_at": "2026-05-20T06:31:38.362Z", "updated_at": "2026-05-20T06:31:39.720Z"}}, {"model": "orders.order", "pk": 26, "fields": {"user": ["23eg106d54@anurag.edu.in"], "payment": null, "order_number": "2026052026", "razorpay_order_id": "order_SrWLx0UchraqhX", "first_name": "HARSH", "last_name": "MISHRA", "phone_number": "7905099747", "email": "23eg106d54@anurag.edu.in", "address_line_1": "Indrapuri Colony", "address_line_2": "Near Vaidik Garden", "country": "India", "state": "UP", "city": "Lucknow", "order_note": "This is a Test Note", "order_total": 1524.9, "tax": 29.9, "status": "New", "ip": "127.0.0.1", "is_ordered": false, "created_at": "2026-05-20T06:32:47.157Z", "updated_at": "2026-05-20T06:33:07.628Z"}}, {"model": "orders.order", "pk": 27, "fields": {"user": ["23eg106d54@anurag.edu.in"], "payment": null, "order_number": "2026052027", "razorpay_order_id": "order_SrWNQEzeJ9NLqx", "first_name": "HARSH", "last_name": "MISHRA", "phone_number": "7905099747", "email": "23eg106d54@anurag.edu.in", "address_line_1": "Indrapuri Colony", "address_line_2": "Near Vaidik Garden", "country": "India", "state": "UP", "city": "Lucknow", "order_note": "This is a Test Note", "order_total": 304.98, "tax": 5.98, "status": "New", "ip": "127.0.0.1", "is_ordered": false, "created_at": "2026-05-20T06:34:30.244Z", "updated_at": "2026-05-20T06:34:31.215Z"}}, {"model": "orders.order", "pk": 28, "fields": {"user": ["23eg106d54@anurag.edu.in"], "payment": null, "order_number": "2026052028", "razorpay_order_id": "order_SrWRkZQf7bm4zW", "first_name": "HARSH", "last_name": "MISHRA", "phone_number": "7905099747", "email": "23eg106d54@anurag.edu.in", "address_line_1": "Indrapuri Colony", "address_line_2": "Near Vaidik Garden", "country": "India", "state": "UP", "city": "Lucknow", "order_note": "This is a Test Note", "order_total": 304.98, "tax": 5.98, "status": "New", "ip": "127.0.0.1", "is_ordered": false, "created_at": "2026-05-20T06:38:35.746Z", "updated_at": "2026-05-20T06:38:37.164Z"}}, {"model": "orders.order", "pk": 29, "fields": {"user": ["23eg106d54@anurag.edu.in"], "payment": null, "order_number": "2026052029", "razorpay_order_id": "order_SrWT1N27CbUGYm", "first_name": "HARSH", "last_name": "MISHRA", "phone_number": "7905099747", "email": "23eg106d54@anurag.edu.in", "address_line_1": "Indrapuri Colony", "address_line_2": "Near Vaidik Garden", "country": "India", "state": "UP", "city": "Lucknow", "order_note": "This is a test note", "order_total": 304.98, "tax": 5.98, "status": "New", "ip": "127.0.0.1", "is_ordered": false, "created_at": "2026-05-20T06:39:47.679Z", "updated_at": "2026-05-20T06:39:49.222Z"}}, {"model": "orders.order", "pk": 30, "fields": {"user": ["23eg106d54@anurag.edu.in"], "payment": null, "order_number": "2026052030", "razorpay_order_id": "order_SrWT1bs9gznqMs", "first_name": "HARSH", "last_name": "MISHRA", "phone_number": "7905099747", "email": "23eg106d54@anurag.edu.in", "address_line_1": "Indrapuri Colony", "address_line_2": "Near Vaidik Garden", "country": "India", "state": "UP", "city": "Lucknow", "order_note": "This is a test note", "order_total": 304.98, "tax": 5.98, "status": "New", "ip": "127.0.0.1", "is_ordered": false, "created_at": "2026-05-20T06:39:48.369Z", "updated_at": "2026-05-20T06:39:49.441Z"}}, {"model": "orders.order", "pk": 31, "fields": {"user": ["23eg106d54@anurag.edu.in"], "payment": 1, "order_number": "2026052031", "razorpay_order_id": "order_SrWzdA5VNwiGAH", "first_name": "HARSH", "last_name": "MISHRA", "phone_number": "7905099747", "email": "23eg106d54@anurag.edu.in", "address_line_1": "Indrapuri Colony", "address_line_2": "Near Vaidik Garden", "country": "India", "state": "UP", "city": "Lucknow", "order_note": "This is a test note", "order_total": 304.98, "tax": 5.98, "status": "Completed", "ip": "127.0.0.1", "is_ordered": true, "created_at": "2026-05-20T07:03:56.135Z", "updated_at": "2026-05-20T07:12:37.126Z"}}, {"model": "orders.order", "pk": 32, "fields": {"user": ["23eg106d54@anurag.edu.in"], "payment": null, "order_number": "2026052032", "razorpay_order_id": "order_SrX8wkAAqR1R1x", "first_name": "HARSH", "last_name": "MISHRA", "phone_number": "7905099747", "email": "23eg106d54@anurag.edu.in", "address_line_1": "Indrapuri Colony", "address_line_2": "", "country": "India", "state": "UP", "city": "GKP", "order_note": "", "order_total": 304.98, "tax": 5.98, "status": "New", "ip": "127.0.0.1", "is_ordered": false, "created_at": "2026-05-20T07:17:24.072Z", "updated_at": "2026-05-20T07:19:30.757Z"}}, {"model": "orders.order", "pk": 33, "fields": {"user": ["23eg106d54@anurag.edu.in"], "payment": null, "order_number": "2026052033", "razorpay_order_id": "order_SrZPBNC00cqZTg", "first_name": "HARSH", "last_name": "MISHRA", "phone_number": "7905099747", "email": "23eg106d54@anurag.edu.in", "address_line_1": "Indrapuri Colony", "address_line_2": "Near Vaidik Garden", "country": "India", "state": "UP", "city": "Lucknow", "order_note": "Test", "order_total": 609.96, "tax": 11.96, "status": "New", "ip": "127.0.0.1", "is_ordered": false, "created_at": "2026-05-20T09:32:11.650Z", "updated_at": "2026-05-20T09:32:16.173Z"}}, {"model": "orders.order", "pk": 34, "fields": {"user": ["abcde12@gmail.com"], "payment": null, "order_number": "2026052034", "razorpay_order_id": "order_SrZaZKhscjZVUg", "first_name": "HARSH", "last_name": "MISHRA", "phone_number": "7905099747", "email": "23eg106d54@anurag.edu.in", "address_line_1": "Indrapuri Colony", "address_line_2": "", "country": "India", "state": "UP", "city": "Lucknow", "order_note": "", "order_total": 304.98, "tax": 5.98, "status": "New", "ip": "127.0.0.1", "is_ordered": false, "created_at": "2026-05-20T09:42:58.817Z", "updated_at": "2026-05-20T09:43:02.877Z"}}, {"model": "orders.order", "pk": 35, "fields": {"user": ["23eg106d54@anurag.edu.in"], "payment": null, "order_number": "2026052235", "razorpay_order_id": null, "first_name": "sdfasd", "last_name": "sadf", "phone_number": "dfasf", "email": "asfd@gmail.com", "address_line_1": "sd", "address_line_2": "", "country": "df", "state": "fg", "city": "sdsd", "order_note": "", "order_total": 1524.9, "tax": 29.9, "status": "New", "ip": "127.0.0.1", "is_ordered": false, "created_at": "2026-05-22T03:47:14.019Z", "updated_at": "2026-05-22T03:47:14.041Z"}}, {"model": "orders.order", "pk": 36, "fields": {"user": ["abcde12@gmail.com"], "payment": null, "order_number": "2026052236", "razorpay_order_id": null, "first_name": "Harsh", "last_name": "Misha", "phone_number": "7905099747", "email": "abcde12@gmail.com", "address_line_1": "abnsd", "address_line_2": "asfsdf", "country": "India", "state": "UP", "city": "GKP", "order_note": "", "order_total": 609.96, "tax": 11.96, "status": "New", "ip": "127.0.0.1", "is_ordered": false, "created_at": "2026-05-22T03:48:32.988Z", "updated_at": "2026-05-22T03:48:32.997Z"}}, {"model": "orders.order", "pk": 37, "fields": {"user": ["abcde12@gmail.com"], "payment": null, "order_number": "2026052237", "razorpay_order_id": null, "first_name": "Harsh", "last_name": "Misha", "phone_number": "7905099747", "email": "abcde12@gmail.com", "address_line_1": "abnsd", "address_line_2": "asfsdf", "country": "India", "state": "UP", "city": "GKP", "order_note": "", "order_total": 609.96, "tax": 11.96, "status": "New", "ip": "127.0.0.1", "is_ordered": false, "created_at": "2026-05-22T03:58:22.158Z", "updated_at": "2026-05-22T03:58:22.181Z"}}, {"model": "orders.order", "pk": 38, "fields": {"user": ["abcde12@gmail.com"], "payment": null, "order_number": "2026052238", "razorpay_order_id": null, "first_name": "Harsh", "last_name": "Misha", "phone_number": "7905099747", "email": "abcde12@gmail.com", "address_line_1": "abnsd", "address_line_2": "asfsdf", "country": "India", "state": "UP", "city": "GKP", "order_note": "", "order_total": 914.94, "tax": 17.94, "status": "New", "ip": "127.0.0.1", "is_ordered": false, "created_at": "2026-05-22T03:58:43.897Z", "updated_at": "2026-05-22T03:58:43.909Z"}}, {"model": "orders.order", "pk": 39, "fields": {"user": ["abcde12@gmail.com"], "payment": null, "order_number": "2026052239", "razorpay_order_id": null, "first_name": "Harsh", "last_name": "Misha", "phone_number": "7905099747", "email": "abcde12@gmail.com", "address_line_1": "abnsd", "address_line_2": "asfsdf", "country": "India", "state": "UP", "city": "GKP", "order_note": "", "order_total": 1219.92, "tax": 23.92, "status": "New", "ip": "127.0.0.1", "is_ordered": false, "created_at": "2026-05-22T04:01:40.359Z", "updated_at": "2026-05-22T04:01:40.375Z"}}, {"model": "orders.order", "pk": 40, "fields": {"user": ["abcde12@gmail.com"], "payment": null, "order_number": "2026052240", "razorpay_order_id": null, "first_name": "Harsh", "last_name": "Misha", "phone_number": "7905099747", "email": "abcde12@gmail.com", "address_line_1": "abnsd", "address_line_2": "asfsdf", "country": "India", "state": "UP", "city": "GKP", "order_note": "", "order_total": 1219.92, "tax": 23.92, "status": "New", "ip": "127.0.0.1", "is_ordered": false, "created_at": "2026-05-22T04:02:22.027Z", "updated_at": "2026-05-22T04:02:22.040Z"}}, {"model": "orders.order", "pk": 41, "fields": {"user": ["abcde12@gmail.com"], "payment": null, "order_number": "2026052241", "razorpay_order_id": null, "first_name": "Harsh", "last_name": "Misha", "phone_number": "7905099747", "email": "abcde12@gmail.com", "address_line_1": "abnsd", "address_line_2": "asfsdf", "country": "India", "state": "UP", "city": "GKP", "order_note": "", "order_total": 1829.88, "tax": 35.88, "status": "New", "ip": "127.0.0.1", "is_ordered": false, "created_at": "2026-05-22T04:12:17.650Z", "updated_at": "2026-05-22T04:12:17.663Z"}}, {"model": "orders.order", "pk": 42, "fields": {"user": ["abcde12@gmail.com"], "payment": null, "order_number": "2026052242", "razorpay_order_id": null, "first_name": "Harsh", "last_name": "Misha", "phone_number": "7905099747", "email": "abcde12@gmail.com", "address_line_1": "abnsd", "address_line_2": "asfsdf", "country": "India", "state": "UP", "city": "GKP", "order_note": "", "order_total": 2134.86, "tax": 41.86, "status": "New", "ip": "127.0.0.1", "is_ordered": false, "created_at": "2026-05-22T04:17:29.132Z", "updated_at": "2026-05-22T04:17:29.144Z"}}, {"model": "orders.order", "pk": 43, "fields": {"user": ["abcde12@gmail.com"], "payment": null, "order_number": "2026052243", "razorpay_order_id": null, "first_name": "Harsh", "last_name": "Misha", "phone_number": "7905099747", "email": "abcde12@gmail.com", "address_line_1": "abnsd", "address_line_2": "asfsdf", "country": "India", "state": "UP", "city": "GKP", "order_note": "", "order_total": 2134.86, "tax": 41.86, "status": "New", "ip": "127.0.0.1", "is_ordered": false, "created_at": "2026-05-22T04:20:51.906Z", "updated_at": "2026-05-22T04:20:51.920Z"}}, {"model": "orders.order", "pk": 44, "fields": {"user": ["abcde12@gmail.com"], "payment": null, "order_number": "2026052244", "razorpay_order_id": null, "first_name": "Harsh", "last_name": "Misha", "phone_number": "7905099747", "email": "abcde12@gmail.com", "address_line_1": "abnsd", "address_line_2": "asfsdf", "country": "India", "state": "UP", "city": "GKP", "order_note": "", "order_total": 2134.86, "tax": 41.86, "status": "New", "ip": "127.0.0.1", "is_ordered": false, "created_at": "2026-05-22T04:23:21.852Z", "updated_at": "2026-05-22T04:23:21.866Z"}}, {"model": "orders.order", "pk": 45, "fields": {"user": ["abcde12@gmail.com"], "payment": null, "order_number": "2026052245", "razorpay_order_id": null, "first_name": "Harsh", "last_name": "Misha", "phone_number": "7905099747", "email": "abcde12@gmail.com", "address_line_1": "abnsd", "address_line_2": "asfsdf", "country": "India", "state": "UP", "city": "GKP", "order_note": "", "order_total": 2134.86, "tax": 41.86, "status": "New", "ip": "127.0.0.1", "is_ordered": false, "created_at": "2026-05-22T04:27:19.432Z", "updated_at": "2026-05-22T04:27:19.435Z"}}, {"model": "orders.order", "pk": 46, "fields": {"user": ["abcde12@gmail.com"], "payment": null, "order_number": "2026052246", "razorpay_order_id": "order_SsHJ3CRJPpS56J", "first_name": "Harsh", "last_name": "Misha", "phone_number": "7905099747", "email": "abcde12@gmail.com", "address_line_1": "abnsd", "address_line_2": "asfsdf", "country": "India", "state": "UP", "city": "GKP", "order_note": "", "order_total": 2134.86, "tax": 41.86, "status": "New", "ip": "127.0.0.1", "is_ordered": false, "created_at": "2026-05-22T04:28:56.238Z", "updated_at": "2026-05-22T04:28:58.675Z"}}, {"model": "orders.order", "pk": 47, "fields": {"user": ["abcde12@gmail.com"], "payment": null, "order_number": "2026052247", "razorpay_order_id": null, "first_name": "Harsh", "last_name": "Misha", "phone_number": "7905099747", "email": "abcde12@gmail.com", "address_line_1": "abnsd", "address_line_2": "asfsdf", "country": "India", "state": "UP", "city": "GKP", "order_note": "", "order_total": 2134.86, "tax": 41.86, "status": "New", "ip": "127.0.0.1", "is_ordered": false, "created_at": "2026-05-22T04:29:54.584Z", "updated_at": "2026-05-22T04:29:54.592Z"}}, {"model": "orders.order", "pk": 48, "fields": {"user": ["abcde12@gmail.com"], "payment": null, "order_number": "2026052248", "razorpay_order_id": null, "first_name": "Harsh", "last_name": "Misha", "phone_number": "7905099747", "email": "abcde12@gmail.com", "address_line_1": "abnsd", "address_line_2": "asfsdf", "country": "India", "state": "UP", "city": "GKP", "order_note": "", "order_total": 2134.86, "tax": 41.86, "status": "New", "ip": "127.0.0.1", "is_ordered": false, "created_at": "2026-05-22T04:30:03.486Z", "updated_at": "2026-05-22T04:30:03.494Z"}}, {"model": "orders.order", "pk": 49, "fields": {"user": ["abcde12@gmail.com"], "payment": null, "order_number": "2026052249", "razorpay_order_id": null, "first_name": "Harsh", "last_name": "Misha", "phone_number": "7905099747", "email": "abcde12@gmail.com", "address_line_1": "abnsd", "address_line_2": "asfsdf", "country": "India", "state": "UP", "city": "GKP", "order_note": "", "order_total": 2134.86, "tax": 41.86, "status": "New", "ip": "127.0.0.1", "is_ordered": false, "created_at": "2026-05-22T04:30:21.359Z", "updated_at": "2026-05-22T04:30:21.369Z"}}, {"model": "orders.order", "pk": 50, "fields": {"user": ["abcde12@gmail.com"], "payment": null, "order_number": "2026052250", "razorpay_order_id": null, "first_name": "Harsh", "last_name": "Misha", "phone_number": "7905099747", "email": "abcde12@gmail.com", "address_line_1": "abnsd", "address_line_2": "asfsdf", "country": "India", "state": "UP", "city": "GKP", "order_note": "", "order_total": 2134.86, "tax": 41.86, "status": "New", "ip": "127.0.0.1", "is_ordered": false, "created_at": "2026-05-22T04:31:03.477Z", "updated_at": "2026-05-22T04:31:03.484Z"}}, {"model": "orders.order", "pk": 51, "fields": {"user": ["abcde12@gmail.com"], "payment": null, "order_number": "2026052251", "razorpay_order_id": null, "first_name": "Harsh", "last_name": "Misha", "phone_number": "7905099747", "email": "abcde12@gmail.com", "address_line_1": "abnsd", "address_line_2": "asfsdf", "country": "India", "state": "UP", "city": "GKP", "order_note": "", "order_total": 2134.86, "tax": 41.86, "status": "New", "ip": "127.0.0.1", "is_ordered": false, "created_at": "2026-05-22T04:31:41.157Z", "updated_at": "2026-05-22T04:31:41.164Z"}}, {"model": "orders.order", "pk": 52, "fields": {"user": ["abcde12@gmail.com"], "payment": null, "order_number": "2026052252", "razorpay_order_id": null, "first_name": "Harsh", "last_name": "Misha", "phone_number": "7905099747", "email": "abcde12@gmail.com", "address_line_1": "abnsd", "address_line_2": "asfsdf", "country": "India", "state": "UP", "city": "GKP", "order_note": "", "order_total": 2134.86, "tax": 41.86, "status": "New", "ip": "127.0.0.1", "is_ordered": false, "created_at": "2026-05-22T04:31:56.839Z", "updated_at": "2026-05-22T04:31:56.847Z"}}, {"model": "orders.order", "pk": 53, "fields": {"user": ["abcde12@gmail.com"], "payment": null, "order_number": "2026052253", "razorpay_order_id": null, "first_name": "Harsh", "last_name": "Misha", "phone_number": "7905099747", "email": "abcde12@gmail.com", "address_line_1": "abnsd", "address_line_2": "asfsdf", "country": "India", "state": "UP", "city": "GKP", "order_note": "", "order_total": 2134.86, "tax": 41.86, "status": "New", "ip": "127.0.0.1", "is_ordered": false, "created_at": "2026-05-22T04:32:20.476Z", "updated_at": "2026-05-22T04:32:20.484Z"}}, {"model": "orders.order", "pk": 54, "fields": {"user": ["abcde12@gmail.com"], "payment": null, "order_number": "2026052254", "razorpay_order_id": null, "first_name": "Harsh", "last_name": "Misha", "phone_number": "7905099747", "email": "abcde12@gmail.com", "address_line_1": "abnsd", "address_line_2": "asfsdf", "country": "India", "state": "UP", "city": "GKP", "order_note": "", "order_total": 2134.86, "tax": 41.86, "status": "New", "ip": "127.0.0.1", "is_ordered": false, "created_at": "2026-05-22T04:32:24.738Z", "updated_at": "2026-05-22T04:32:24.744Z"}}, {"model": "orders.order", "pk": 55, "fields": {"user": ["abcde12@gmail.com"], "payment": null, "order_number": "2026052255", "razorpay_order_id": null, "first_name": "Harsh", "last_name": "Misha", "phone_number": "7905099747", "email": "abcde12@gmail.com", "address_line_1": "abnsd", "address_line_2": "asfsdf", "country": "India", "state": "UP", "city": "GKP", "order_note": "", "order_total": 2134.86, "tax": 41.86, "status": "New", "ip": "127.0.0.1", "is_ordered": false, "created_at": "2026-05-22T04:32:34.657Z", "updated_at": "2026-05-22T04:32:34.663Z"}}, {"model": "orders.order", "pk": 56, "fields": {"user": ["23eg106d54@anurag.edu.in"], "payment": null, "order_number": "2026052256", "razorpay_order_id": null, "first_name": "seffgn", "last_name": "hbsf", "phone_number": "64646548", "email": "sdf@gmail.com", "address_line_1": "sdflk", "address_line_2": "", "country": "dfh", "state": "fhj", "city": "sdfl", "order_note": "", "order_total": 1829.88, "tax": 35.88, "status": "New", "ip": "127.0.0.1", "is_ordered": false, "created_at": "2026-05-22T04:40:40.418Z", "updated_at": "2026-05-22T04:40:40.424Z"}}, {"model": "orders.order", "pk": 57, "fields": {"user": ["23eg106d54@anurag.edu.in"], "payment": null, "order_number": "2026052257", "razorpay_order_id": null, "first_name": "j", "last_name": "ss", "phone_number": "45563464544", "email": "aa@gmail.com", "address_line_1": "as", "address_line_2": "", "country": "f", "state": "d", "city": "fg", "order_note": "", "order_total": 2134.86, "tax": 41.86, "status": "New", "ip": "127.0.0.1", "is_ordered": false, "created_at": "2026-05-22T04:53:22.450Z", "updated_at": "2026-05-22T04:53:22.464Z"}}, {"model": "orders.orderproduct", "pk": 1, "fields": {"order": 31, "payment": 1, "user": ["23eg106d54@anurag.edu.in"], "product": 1, "variation": null, "cilor": "blue", "size": "medium", "quantity": 1, "product_price": 299.0, "ordered": true, "created_at": "2026-05-20T07:12:37.141Z", "updated_at": "2026-05-20T07:12:37.141Z"}}]